{
  "project_info": {
    "project_number": "1096119077764",
    "firebase_url": "https://oktopoi.firebaseio.com",
    "project_id": "oktopoi",
    "storage_bucket": "oktopoi.appspot.com"
  },
  "client": [
    {
      "client_info": {
        "mobilesdk_app_id": "1:1096119077764:android:d8f50a8787a3fb8e9eebd1",
        "android_client_info": {
          "package_name": "com.example.oktopoi"
        }
      },
      "oauth_client": [
        {
          "client_id": "1096119077764-ujjc7kedfma9ag2934qjijcboh3rtkci.apps.googleusercontent.com",
          "client_type": 3
        }
      ],
      "api_key": [
        {
          "current_key": "AIzaSyDY0GUVBxzysBOxTg7RZcz5aJX6pe00CIc"
        }
      ],
      "services": {
        "appinvite_service": {
          "other_platform_oauth_client": [
            {
              "client_id": "1096119077764-ujjc7kedfma9ag2934qjijcboh3rtkci.apps.googleusercontent.com",
              "client_type": 3
            }
          ]
        }
      }
    }
  ],
  "configuration_version": "1"
}