<?xml version="1.0" encoding="utf-8"?>
<Analyse von="2020-03-03" bis="2020-03-16" gruppe="nw19a" createdBy="TP" createdAt="2020-03-16">
<!-- A is for Aufwand, S is for Schwierigkeit, values from 1..5 with 1 too easy to 5 too hard -->
	<done who="JL" A="3" S="3" Zeit="8">Nachtrag: Linting, Bugfixing, Designfixing</done>
	<done who="SL" A="3" S="3" Zeit="3">Vorbereitung Moderation/Planung R4,R5</done>
	<done who="AN,BH,MG,TP,SL" A="3" S="3" Zeit="4.25">Teammeeting</done>
	<done who="AN" A="3" S="3,5" Zeit="3">Protokoll nachbearbeitet</done>
	<done who="MG" A="3" S="3" Zeit="3.5">bugfixing</done>
	<done who="TP" A="3" S="3" Zeit="2">Issues, Orga</done>
	<done who="BH" A="3" S="3" Zeit="1">Evaluation</done>
	<done who="TP" A="3" S="3" Zeit="1.5">Codeverständnis und LiveSaveButton implementieren</done>
	<done who="BH, TP" A="3" S="3" Zeit="2">Orga</done>
	<done who="SL, TP" A="3" S="3" Zeit="1">Telefonat poiworld/help</done>
	<done who="TP" A="3" S="3" Zeit="1.5">Refactoring</done>
	<done who="SL" A="4" S="4" Zeit="4.5">poiworld, help</done>
	<done who="SL" A="5" S="4" Zeit="5">poiworld, help</done>
	<done who="MG, TP" A="3" S="3" Zeit="2">splashscreen, first entry title library</done>
	<done who="JL" A="3" S="3" Zeit="9">Design, Sruktur, Anpassungen</done>
	<done who="BH" A="3" S="3" Zeit="6">Physik</done>
	<done who="SL" A="5" S="4" Zeit="9.75">poiworld,help</done>
	<done who="JL" A="4" S="4" Zeit="8">Design Rework + Ausbau, Bugfixing</done>
	<done who="EP" A="3" S="3" Zeit="1.5">Orga</done>
	<done who="EP" A="3" S="3" Zeit="3.5">(poiworld), help</done>
	<done who="TP,BH,JL,SL,AK,AN" A="3" S="3" Zeit="4.25">Teammeeting</done>
	<done who="SL" A="5" S="4" Zeit="4.5">poiworld, help</done>
	<done who="SL" A="3" S="3" Zeit="2">recherche für help</done>
	<done who="SL, AK" A="3" S="3" Zeit="2.5">help</done>
	<done who="SL" A="3" S="3" Zeit="2.75">help, layout fixes</done>
	<done who="TP" A="3" S="3" Zeit="2">Issues, Coding</done>
	<done who="SL, TP" A="3" S="3" Zeit="1.5">Merge und CleanUp</done>
	<done who="TP" A="3" S="4" Zeit="2.5">playbackSpeed</done>
	<done who="TP" A="3" S="3" Zeit="1">Entwurfsbeschreibung, Orga</done>
	<done who="AN" A="3" S="3" Zeit="1.5">Releaseplan aktualisieren</done>
	<done who="JL" A="3" S="3" Zeit="4">Design-, Bugfixing</done>
	<done who="JL" A="3" S="3" Zeit="3">Linting</done>
	<done who="TP" A="3" S="3" Zeit="2">Systemtests</done>
	<done who="SL" A="3" S="3" Zeit="8.25">Koordinatives, Interimslösung help, bug fixing</done>
	<done who="SL" A="3" S="3" Zeit="0.5">Zuarbeit Entwurfsbeschreibung</done>
	<done who="TP" A="3" S="3" Zeit="3">Mastermerge, Cleanup, Testbericht, Homepage Update</done>
	<done who="EP" A="3" S="3" Zeit="3">Final edit Entwurfsbeschreibung</done>
	<done who="EP" A="3" S="3" Zeit="2">Teamkommunikation, Telefonate</done>
	<done who="EP" A="3" S="3" Zeit="5.5">Hilfetexte, Formatierung XML, git</done>
	<done who="AN" A="3" S="3" Zeit="2.5">Moderationvorbereitung</done>
	<done who="AN" A="3" S="3,5" Zeit="3">Enwturfsbeschreibung</done>
	<done who="AN" A="3" S="3" Zeit="7">Hilfetexte und Poi-Welt</done>
	<done who="BH, TP" A="3" S="3" Zeit="2">Orga</done>
	<done who="SL, TP" A="3" S="3" Zeit="1.5">Orga, Moderationsvorbereitung</done>
<!-- AK worked 6.75 hours -->
<!-- AN worked 25.5 hours -->
<!-- BH worked 19.5 hours -->
<!-- EP worked 15.5 hours -->
<!-- JL worked 36.25 hours -->
<!-- MG worked 9.75 hours -->
<!-- SL worked 55.25 hours -->
<!-- TP worked 34.0 hours -->
<!-- Sum: 202.5 -->
</Analyse>
