<?xml version="1.0" encoding="utf-8"?>
<Analyse von="2020-01-27" bis="2020-03-02" gruppe="nw19a" createdBy="AK" createdAt="2020-03-02">
<!-- A is for Aufwand, S is for Schwierigkeit, values from 1..5 with 1 too easy to 5 too hard -->
	<done who="EP" A="3" S="3" Zeit="0.75">Protokoll Teammeeting 29.01.</done>
	<done who="BH, EP, JL, TP" A="3" S="3" Zeit="2.25">Teammeeting</done>
	<done who="BH, TP" A="3" S="3" Zeit="1">Betreuertreffen</done>
	<done who="TP" A="3" S="3" Zeit="2.5">Nacharbeit Protokoll, Firebase, Issues</done>
	<done who="BH, AK, TP" A="3" S="3" Zeit="2">Meeting Visionen</done>
	<done who="TP" A="3" S="3" Zeit="1.5">tex files aufräumen</done>
	<done who="BH" A="3" S="3" Zeit="2.5">offset anpassen</done>
	<done who="BH" A="3" S="3" Zeit="5">curveToHand</done>
	<done who="AK, BH" A="3" S="3" Zeit="3">default Kurven</done>
	<done who="BH" A="3" S="3" Zeit="2.5">complexTest</done>
	<done who="MG" A="3" S="3" Zeit="3">generic canvas class</done>
	<done who="MG" A="3" S="3" Zeit="4.5">animation</done>
	<done who="MG" A="3" S="3" Zeit="3">animation + orga</done>
	<done who="MG" A="3" S="3" Zeit="5">animation</done>
	<done who="MG" A="3" S="3" Zeit="6">animation</done>
	<done who="MG" A="3" S="3" Zeit="1.5">animation</done>
	<done who="TP,BH,MG,AK" A="3" S="3" Zeit="1.5">Teammeeting</done>
	<done who="MG,BH" A="3" S="3" Zeit="0.5">Besprechung Schnittstellen</done>
	<done who="MG" A="3" S="3" Zeit="1.5">drawByHand -> Live</done>
	<done who="MG" A="3" S="3" Zeit="0.5">Bugfixing</done>
	<done who="BH" A="3" S="3" Zeit="5">CurveToHandTest</done>
	<done who="SL, BH" A="3" S="3" Zeit="1">Besprechung FlowersCalcTest</done>
	<done who="BH" A="3" S="3" Zeit="2.5">FlowersCalcTest</done>
	<done who="BH" A="3" S="3" Zeit="10">CurveToHand-Paper</done>
	<done who="AK" A="3" S="3" Zeit="4">Default Curven</done>
	<done who="JL" A="4" S="3" Zeit="12">Design</done>
	<done who="JL, TP, BH, AK" A="3" S="3" Zeit="2">Merge R3</done>
	<done who="TP, BH" A="3" S="3" Zeit="1">organisatorisches</done>
	<done who="BH" A="3" S="3" Zeit="1">organisatorisches</done>
	<done who="JL" A="4" S="4" Zeit="10">Bugfixing + Designchanges</done>
	<done who="SL" A="3" S="3" Zeit="4.5">Qualitätsmanagement</done>
	<done who="SL" A="3" S="3" Zeit="5.5">Testdaten/Testing</done>
	<done who="TP,BH,JL,AN,SL,EP" A="3" S="3" Zeit="3.5">Teammeeting</done>
	<done who="SL" A="3" S="3" Zeit="2.5">Protokoll/Nachbereitung 26.2.</done>
	<done who="TP" A="3" S="3" Zeit="2">Bugfixing, Testplanung</done>
	<done who="AK" A="3" S="5" Zeit="10">Versuche die vorgespeicherten Kurven zu skalieren</done>
	<done who="AK" A="3" S="4" Zeit="3">Versuche Thumbnails in der Bibliothek zu verwenden</done>
	<done who="BH" A="3" S="3" Zeit="0.5">Umbenennung Default-Kurven</done>
	<done who="MG" A="3" S="3" Zeit="2.5">CleanUp, Comment, Bugfixing</done>
	<done who="MG" A="3" S="3" Zeit="1">Entwurfsbeschreibung</done>
	<done who="MG" A="3" S="3" Zeit="0.5">kleine Änderungen + Orga</done>
	<done who="BH" A="3" S="3" Zeit="4">Testbericht</done>
	<done who="AN" A="3" S="3" Zeit="2">Releaseplan aktualisiert</done>
	<done who="BH" A="3" S="3" Zeit="3">Entwurfsbeschreibung</done>
	<done who="TP" A="3" S="3" Zeit="8">Systemtests, Merge auf Master, Issues</done>
	<done who="TP" A="3" S="3" Zeit="3">Releasevorbereitung</done>
	<done who="TP" A="3" S="3" Zeit="2">Testbericht</done>
	<done who="EP" A="3" S="3" Zeit="2">Aufholen aktueller Stand</done>
	<done who="EP" A="3" S="3" Zeit="5">Einlesen neue Struktur, Code Cleanup</done>
	<done who="EP" A="3" S="3" Zeit="0.75">Orga</done>
	<done who="SL" A="3" S="3" Zeit="4.5">Entwurfsbeschreibung</done>
	<done who="MG" A="3" S="3" Zeit="0.75">Orga + Code kommentieren</done>
	<done who="AN" A="3" S="3" Zeit="3">Entwurfsbeschreibung</done>
	<done who="TP" A="3" S="3" Zeit="5">Dokumente und Releaseabschluss</done>
<!-- AK worked 25.5 hours -->
<!-- AN worked 8.5 hours -->
<!-- BH worked 53.75 hours -->
<!-- EP worked 14.25 hours -->
<!-- JL worked 29.75 hours -->
<!-- MG worked 31.75 hours -->
<!-- SL worked 21.5 hours -->
<!-- TP worked 37.25 hours -->
<!-- Sum: 222.25 -->
</Analyse>