{
  "project_info": {
    "project_number": "604345107125",
    "firebase_url": "https://oktopoi-eff15.firebaseio.com",
    "project_id": "oktopoi-eff15",
    "storage_bucket": "oktopoi-eff15.appspot.com"
  },
  "client": [
    {
      "client_info": {
        "mobilesdk_app_id": "1:604345107125:android:3100134cc54e19436334fc",
        "android_client_info": {
          "package_name": "com.oktopoi"
        }
      },
      "oauth_client": [
        {
          "client_id": "604345107125-ft4krmlo7vsf0ibjb8a542eeipe5ognk.apps.googleusercontent.com",
          "client_type": 3
        }
      ],
      "api_key": [
        {
          "current_key": "AIzaSyBMF74cgh7WtGCm8mSG4valfLejZzC3hNQ"
        }
      ],
      "services": {
        "appinvite_service": {
          "other_platform_oauth_client": [
            {
              "client_id": "604345107125-ft4krmlo7vsf0ibjb8a542eeipe5ognk.apps.googleusercontent.com",
              "client_type": 3
            }
          ]
        }
      }
    }
  ],
  "configuration_version": "1"
}