<?xml version="1.0" encoding="utf-8"?>
<Analyse von="2019-11-26" bis="2019-12-16" gruppe="nw19a" createdBy="AK" createdAt="2019-12-16">
<!-- A is for Aufwand, S is for Schwierigkeit, values from 1..5 with 1 too easy to 5 too hard -->
	<done who="TP" A="3" S="3" Zeit="2">Recherche Technik</done>
	<done who="TP" A="3" S="3" Zeit="6">Tutorials sichten und ausprobieren</done>
	<done who="JL" A="3" S="3" Zeit="1">Vorbereitung Moderation</done>
	<done who="AN, BH" A="3" S="3" Zeit="5">Projektplan, Vorbereitung Releaseplan</done>
	<done who="TP" A="4" S="4" Zeit="8">GitLab CI, QS Konzept vorbereiten</done>
	<done who="TP" A="3" S="3" Zeit="2.5">QS-Konzept</done>
	<done who="AK, TP" A="3" S="3" Zeit="2">QS-Konzept</done>
	<done who="TP" A="3" S="3" Zeit="2.5">Grafiken bauen, GitLab Board einrichten</done>
	<done who="TP" A="3" S="3" Zeit="1.5">Vorprojekt und Branching einrichten</done>
	<done who="SL" A="3" S="3" Zeit="2">Konzept für LH-Review</done>
	<done who="SL" A="3" S="3" Zeit="3">Ausarbeitung für LH-Präsentation</done>
	<done who="JL" A="3" S="3" Zeit="13">Klick-Dummy Ausarbeitung für LH Präsentation und Vorbereitung</done>
	<done who="SL, JL" A="3" S="3" Zeit="2.5">Vorbereitung LH-Review</done>
	<done who="SL" A="3" S="3" Zeit="1.5">neue git-Materialien/Protokoll nachvollzogen, LH</done>
	<done who="TP" A="3" S="3" Zeit="0.75">CI im Hauptrepo einrichten und ausprobieren</done>
	<done who="SL, EP, MG, BH, TP" A="3" S="3" Zeit="3.5">Vorprojekt</done>
	<done who="TP" A="3" S="3" Zeit="3">Abgabe 3.1 und QS Konzept</done>
	<done who="JL, BH" A="3" S="3" Zeit="6">Vorprojekt MainActivity</done>
	<done who="BH" A="3" S="3" Zeit="4">Projektplan, Releaseplan</done>
	<done who="AN, BH" A="3" S="3" Zeit="2">Projektplan, Releaseplan</done>
	<done who="SL" A="3" S="3" Zeit="1">LH Überarbeitung</done>
	<done who="TP" A="3" S="3" Zeit="2.5">QS-Konzept</done>
	<done who="BH,TP" A="3" S="3" Zeit="1.5">Vorbereitung Meeting</done>
	<done who="AK" A="3" S="3" Zeit="1.5">Recherche Testing</done>
	<done who="AK" A="4" S="3" Zeit="2">Vorprojekt ScaleToCanvas</done>
	<done who="TP" A="3" S="3" Zeit="1.5">QS-Konzept</done>
	<done who="MG, EP" A="3" S="3" Zeit="10">Modellierung UML</done>
	<done who="EP" A="4" S="3" Zeit="8">Einarbeitung AndroidStudio, Recherche</done>
	<done who="MG, EP" A="3" S="3" Zeit="9">Vorprojekt FlowerCanvasView</done>
	<done who="EP" A="3" S="4" Zeit="7">Vorprojekt in AS anlegen, Kotlin</done>
	<done who="EP" A="3" S="3" Zeit="2">Bugfixing, git</done>
	<done who="EP" A="3" S="3" Zeit="2.5">Protokoll</done>
	<done who="AK,TP" A="3" S="3" Zeit="4">Testing</done>
	<done who="TP" A="3" S="3" Zeit="2">Nacharbeit QS</done>
	<done who="MG" A="3" S="3" Zeit="1.5">Aufbereitung Protokoll</done>
	<done who="MG" A="3" S="3" Zeit="8">Design für App / Mockups</done>
	<done who="MG" A="3" S="3" Zeit="1">Kommunikation Mockups</done>
	<done who="MG" A="3" S="3" Zeit="4">Recherche Kotlin/Canvas</done>
	<done who="MG" A="3" S="3" Zeit="3">Vorbereitung und Treffen Moderation</done>
	<done who="MG" A="3" S="3" Zeit="4">Layout für FlowerActivity</done>
	<done who="MG" A="3" S="3" Zeit="6">Testapps schreiben (Canvas)</done>
	<done who="MG" A="3" S="3" Zeit="1">Code CleanUp</done>
	<done who="TP" A="3" S="3" Zeit="1">Vorbereitung Meeting und A4</done>
	<done who="EP" A="3" S="3" Zeit="5.5">Editing QS-Konzept</done>
	<done who="EP" A="3" S="3" Zeit="1">Korrekturlesen Projektplan, Releaseplan</done>
	<done who="SL" A="3" S="3" Zeit="0.75">Materialsichtung Entwurfsbeschreibung</done>
	<done who="AN" A="3" S="3" Zeit="4">Nachbearbeitung PP und RP</done>
	<done who="alle" A="3" S="3" Zeit="3.75">Teammeeting</done>
	<done who="alle" A="3" S="3" Zeit="4">Teammeeting</done>
	<done who="AK,AN,BH,EP,MG,TP,SL" A="3" S="3" Zeit="3.5">Teammeeting</done>
	<done who="TP" A="3" S="3" Zeit="1.5">Abschluss A4, Homepage etc</done>
	<done who="AK" A="3" S="3" Zeit="3">QS-Konzept</done>
<!-- AK worked 23.75 hours -->
<!-- AN worked 22.25 hours -->
<!-- BH worked 33.25 hours -->
<!-- EP worked 59.75 hours -->
<!-- JL worked 30.25 hours -->
<!-- MG worked 62.25 hours -->
<!-- SL worked 25.5 hours -->
<!-- TP worked 57.0 hours -->
<!-- Sum: 259.75 -->
</Analyse>