<?xml version="1.0" encoding="utf-8"?>
<Analyse von="2019-11-12" bis="2019-11-25" gruppe="nw19a" createdBy="AK" createdAt="2019-11-25">
<!-- A is for Aufwand, S is for Schwierigkeit, values from 1..5 with 1 too easy to 5 too hard -->
	<done who="BH, TP" A="3" S="3" Zeit="2.5">PL und Vorbereitung Meeting</done>
	<done who="SL" A="3" S="3" Zeit="1.25">Vorbereitung Agenda</done>
	<done who="EP,SL" A="4" S="4" Zeit="3.75">Vorbereitung Moderation</done>
	<done who="alle" A="4" S="4" Zeit="4.5">Teammeeting</done>
	<done who="TP" A="5" S="3" Zeit="3">Vorbereitung Meeting, Absprache mit Moderation</done>
	<done who="SL" A="3" S="2" Zeit="0.5">technische Schwierigkeiten/Fehlersuche bzgl. Dateiversion</done>
	<done who="SL" A="4" S="3" Zeit="3.75">Frontend-Team-Treffen, Koordinatorisches zur Aufgabenverteilung, Klärung formaler Anforderungen</done>
	<done who="TP" A="3" S="3" Zeit="1.5">Kommunikation, Einlesen in Androidprogrammierung, Issues anlegen</done>
	<done who="SL" A="3" S="3" Zeit="1">Installation/erste Schritte AndroidStudio, Mockup-Dummi, Material für Frontendgruppe in MS-Teams eingestellt</done>
	<done who="EP" A="3" S="3" Zeit="2.25">Frontend-Team-Treffen</done>
	<done who="EP, BH" A="3" S="3" Zeit="3.5">Treffen Modellierung Wegeführung</done>
	<done who="EP" A="3" S="3" Zeit="1">Teamkommunikation</done>
	<done who="MG" A="4" S="4" Zeit="2.25">Frontend-Team-Treffen</done>
	<done who="MG" A="4" S="3" Zeit="7.5">User-Stories/Mockups Frontend Bildbearbeitung</done>
	<done who="MG, JL" A="3" S="3" Zeit="1.5">Einrichten Lastenheft Dokument</done>
	<done who="JL" A="3" S="3" Zeit="3.5">Recherche, Installation AS</done>
	<done who="JL" A="3" S="3" Zeit="4">Mockup-Design</done>
	<done who="AN" A="3" S="4" Zeit="3">Nachbearbeitung Protokoll</done>
	<done who="AN" A="3" S="3" Zeit="2">Installation AS</done>
	<done who="AK" A="3" S="3" Zeit="1">Arbeitsaufwand-Converter zählt jetzt die Arbeitszeit jeden Mitglieds</done>
	<done who="AK" A="3" S="3" Zeit="1">Qualitätsmatrix</done>
	<done who="BH, EP" A="3" S="3" Zeit="4.25">Treffen LH Flowers/Teilziele Vorprojekt</done>
	<done who="JL" A="4" S="4" Zeit="8">Klickdummy fuer PoiDraw erstellen, Aneignen von AdobeXD</done>
	<done who="AN" A="4" S="4" Zeit="5">Design Mockups und Nutzung von Android Studio</done>
	<done who="EP, JL" A="3" S="3" Zeit="4">Teammeeting Frontend, allgemein</done>
	<done who="EP" A="3" S="3" Zeit="0.5">LH Mitschrieb nachbereiten</done>
	<done who="BH" A="3" S="3" Zeit="10">LH</done>
	<done who="BH" A="3" S="3" Zeit="5">Teammeeting Frontend, allgemein</done>
	<done who="TP" A="3" S="3" Zeit="3.5">Teammeeting</done>
	<done who="SL" A="3" S="3" Zeit="4.5">Teammeeting Frontend, allgemein</done>
	<done who="TP" A="3" S="3" Zeit="3">LH</done>
	<done who="BH,TP" A="3" S="3" Zeit="4">LH, Vorbereitung Meeting</done>
	<done who="JL" A="3" S="3" Zeit="3">LH</done>
	<done who="TP" A="3" S="3" Zeit="2">Nacharbeiten LH</done>
	<done who="EP" A="3" S="3" Zeit="2.5">Moderation und Agenda vorbereiten</done>
	<done who="EP" A="3" S="3" Zeit="7">LH</done>
	<done who="EP" A="3" S="3" Zeit="0.5">Android installieren</done>
	<done who="SL" A="3" S="3" Zeit="0.75">Materialsichtung LH</done>
	<done who="SL, JL" A="4" S="3" Zeit="8">Lastenheft ausformulieren</done>
	<done who="alle" A="4" S="3" Zeit="4.75">Teammeeting</done>
	<done who="BH,TP" A="3" S="3" Zeit="3">PL/Planung</done>
	<done who="SL" A="3" S="3" Zeit="3.25">Lastenheft ausformulieren</done>
	<done who="SL" A="3" S="3" Zeit="1.5">Lastenheft Änderungen/ Abstimmung mit #BH und #JL</done>
	<done who="JL" A="3" S="3" Zeit="3">LH Endredaktion</done>
	<done who="AK,TP" A="4" S="3" Zeit="3">CI-Zeugs, TestRepo</done>
	<done who="MG" A="3" S="3" Zeit="0.5">Lastenheft</done>
	<done who="TP" A="3" S="3" Zeit="1">Abschluss A3 (Git, Download von Overleaf, Upload auf alle Systeme, Kommuikation)</done>
	<done who="JL" A="3" S="3" Zeit="1">Moderation und Agenda vorbereiten</done>
	<done who="AK" A="3" S="3" Zeit="1">Recherche, CI/Testing</done>
<!-- AK worked 15.25 hours -->
<!-- AN worked 19.25 hours -->
<!-- BH worked 41.5 hours -->
<!-- EP worked 38.5 hours -->
<!-- JL worked 45.25 hours -->
<!-- MG worked 21.0 hours -->
<!-- SL worked 37.5 hours -->
<!-- TP worked 35.75 hours -->
<!-- Sum: 189.25 -->
</Analyse>