<?xml version="1.0" encoding="utf-8"?>
<Analyse von="2019-11-05" bis="2019-11-11" gruppe="nw19a" createdBy="AK" createdAt="2019-11-11">
<!-- A is for Aufwand, S is for Schwierigkeit, values from 1..5 with 1 too easy to 5 too hard -->
	<done who="SL, BH, TP" A="3" S="3" Zeit="0.5">Telefonmeeting Risikoanalyse</done>
	<done who="SL" A="3" S="3" Zeit="1">Erstellung Gruppennachricht zur Aufgabestellung bis 11.11.</done>
	<done who="SL" A="3" S="3" Zeit="1">Überarbeitung Gruppennachricht, Kommunikation mit Teamleitung</done>
	<done who="TP" A="3" S="3" Zeit="2">Issues für RB anlegen und 4 davon selbst bearbeiten</done>
	<done who="AN" A="3" S="3" Zeit="1.5">Alte Rechercheberichte gelesen und 3 Issues behandelt</done>
	<done who="SL" A="4" S="3" Zeit="2.5">Recherche / Installation von Node.js</done>
	<done who="SL" A="3" S="3" Zeit="1.5">Recherche zu SCRUM und LaTeX</done>
	<done who="MG" A="3" S="3" Zeit="2">Vorbereitung Recherchebericht</done>
	<done who="BH" A="3" S="3" Zeit="10">Recherchebericht</done>
	<done who="BH" A="3" S="3" Zeit="8">Physikzusammenfassung</done>
	<done who="TP" A="3" S="3" Zeit="1">Issues RB und neue Bilder Website</done>
	<done who="SL" A="3" S="3" Zeit="2.5">Vorbereitung Gruppentreffen/Moderation 6.11./Erstellen eine .md über die Agenda</done>
	<done who="SL" A="3" S="3" Zeit="0.5">Abstimmung mit Protokollant und Projektleitung</done>
	<done who="JL" A="3" S="3" Zeit="2">Recherche zur Bildanalyse</done>
	<done who="AK" A="3" S="3" Zeit="1">Getting up to date</done>
	<done who="JL" A="3" S="3" Zeit="1">Lesen Handreichung</done>
	<done who="BH, TP" A="3" S="3" Zeit="0.5">Nacharbeit Teammeeting</done>
	<done who="TP" A="3" S="3" Zeit="1">Auto Redirect Homepage und neue Issues</done>
	<done who="TP" A="3" S="3" Zeit="1">Recherche Android und Arbeiten an der Homepage</done>
	<done who="SL" A="3" S="3" Zeit="1.5">Vorbereitung Moderation/Recherchebericht</done>
	<done who="alle" A="4" S="4" Zeit="3">Teammeeting Teil 1</done>
	<done who="BH, SL, EP, AK, MG, AN, JL" A="4" S="4" Zeit="2">Teammeeting Teil 2</done>
	<done who="SL, EP" A="3" S="3" Zeit="1.25">neue Gliederung des Rechercheberichts in LaTeX erstellt</done>
	<done who="AK, TP" A="3" S="3" Zeit="1.5">Treffen wegen RB</done>
	<done who="TP" A="3" S="3" Zeit="1">Einfügen neuer Inhalte in RB</done>
	<done who="TP" A="3" S="3" Zeit="1">Installation, Einrichtung und Testprojekt Android Studio</done>
	<done who="SL" A="3" S="3" Zeit="2">Koordinatorisches zum RB, Template "Wünsche zum nächsten Treffen" überarbeitet</done>
	<done who="JL" A="3" S="3" Zeit="3">Teams Orga(Wikis, Data u.m.), Teamkalender, Recherche zu Git-Integration in Teams</done>
	<done who="EP" A="3" S="3" Zeit="3">Vorbereitung Teammeeting</done>
	<done who="EP" A="4" S="4" Zeit="3">Protokoll</done>
	<done who="EP" A="3" S="3" Zeit="2">Recherchebericht neu gliedern</done>
	<done who="EP" A="3" S="3" Zeit="1">Teams-Besprechungen</done>
	<done who="EP" A="3" S="3" Zeit="0.75">Issues bearbeitet</done>
	<done who="AN" A="3" S="3" Zeit="1">Recherche zu Physics engine + Bildformate</done>
	<done who="AN" A="3" S="3" Zeit="1.5">Issues zu Android, Gravitation und Physic engines (Begriff + Konzpte) bearbeitet</done>
	<done who="AN" A="3" S="3" Zeit="0.5">Issue Pairprogramming (Konzept) bearbeitet</done>
	<done who="AK" A="4" S="3" Zeit="4">Recherchebericht</done>
	<done who="EP" A="5" S="3" Zeit="7.75">Recherchebericht (Recherche, Formulieren, git, Teams, Telefonkonferenz)</done>
	<done who="SL" A="3" S="3" Zeit="5.5">Überarbeiten/Recherche, Koordination mit Team</done>
	<done who="TP,BH" A="3" S="3" Zeit="2">PL</done>
	<done who="TP" A="3" S="3" Zeit="2">RB</done>
	<done who="SL,EP" A="4" S="3" Zeit="4">Recherchebericht Detailfragen, Formatierungen, Teamabsprachen</done>
	<done who="SL" A="5" S="3" Zeit="5">Recherchebericht Textuell überarbeitet, Formatierung</done>
	<done who="SL" A="4" S="3" Zeit="3">Überwinden technischer Schwierigkeiten, Kommunikation Recherchebericht, Quellennachweise zusammensammeln</done>
	<done who="AK" A="2" S="2" Zeit="0.3">Überprüfen/Hinzufügen der Quellennachweise</done>
	<done who="SL" A="3" S="2" Zeit="1">Nachbesserungen Recherchebericht</done>
	<done who="EP" A="4" S="3" Zeit="5">Endredaktion Recherchebericht</done>
	<done who="MG" A="4" S="3" Zeit="6">Recherche und Auformulierungen für Recherchebericht</done>
	<done who="MG" A="3" S="3" Zeit="3">Einarbeiten in Latex</done>
	<done who="TP" A="3" S="3" Zeit="2">Nacharbeiten RB, Abschluss A2 und Upload Opal/Homepage</done>
</Analyse>