<?xml version="1.0" encoding="utf-8"?>
<Analyse von="2019-10-18" bis="2019-11-04" gruppe="nw19a" createdBy="AK" createdAt="2019-11-04">
<!-- A is for Aufwand, S is for Schwierigkeit, values from 1..5 with 1 too easy to 5 too hard -->
	<done who="alle" A="2" S="2" Zeit="0.5">Initiales Treffen</done>
	<done who="TP" A="3" S="3" Zeit="2.5">Vorbereitung GitLab, XML, allgemeine Planung</done>
	<done who="TP" A="2" S="2" Zeit="1">Durcharbeiten der Handreichung</done>
	<done who="BH, TP" A="3" S="3" Zeit="1">Vorbereitung Treffen 22.10.</done>
	<done who="alle" A="3" S="3" Zeit="2">Gruppentreffen 22.10.</done>
	<done who="BH, TP" A="3" S="3" Zeit="1">Vorbereitung Treffen</done>
	<done who="TP" A="3" S="2" Zeit="0.5">Milestones mit Due Dates definieren</done>
	<done who="JL" A="3" S="3" Zeit="2">MS Teams einrichten</done>
	<done who="MG, BH" A="3" S="3" Zeit="1">Vorbereitung Treffen 23.10.</done>
	<done who="MG" A="3" S="3" Zeit="0.5">Protokoll nachbearbeiten / Format definieren</done>
	<done who="MG" A="3" S="3" Zeit="0.25">Team-Kalender auf MS-Teams einrichten</done>
	<done who="MG" A="3" S="3" Zeit="0.5">Handreichung durchlesen</done>
	<done who="BH" A="3" S="3" Zeit="1">git: readme und StaerkenUndSchwaechen.md</done>
	<done who="BH" A="3" S="3" Zeit="1">Vorbereitung Treffen 22.10.</done>
	<done who="BH" A="3" S="3" Zeit="1">Vorbereitung Treffen 23.10.</done>
	<done who="alle" A="3" S="3" Zeit="3.5">Treffen 23.10.</done>
	<done who="BH" A="3" S="3" Zeit="2">Latex</done>
	<done who="AN" A="3" S="3" Zeit="0.5">Handreichung durchlesen</done>
	<done who="AN" A="3" S="3" Zeit="0.5">Installation von Git</done>
	<done who="BH" A="3" S="3" Zeit="3">Risikoanalyse tex-Datei</done>
	<done who="SL,TP" A="4" S="3" Zeit="1.5">Einrichtung git, GitLab mit SSH</done>
	<done who="AK" A="5" S="5" Zeit="2">Vergeblich versuchen mich in GitLab anzumelden, weil ich keine Zugangsrechte hatte</done>
	<done who="AK" A="3" S="2" Zeit="0.5">Git einrichten, StärkenSchwächen eintragen</done>
	<done who="AK" A="3" S="3" Zeit="0.5">Handreichung lesen</done>
	<done who="AK" A="3" S="3" Zeit="1.5">In markdown einarbeiten, Protokoll nachbearbeiten</done>
	<done who="EP" A="3" S="3" Zeit="2">git-recap (von GUI zu command line), Markdown, Stärken und Schwächen</done>
	<done who="EP" A="3" S="3" Zeit="0.5">Verpasste Sitzung nachlesen, Organisatorisches nachholen</done>
	<done who="TP" A="4" S="4" Zeit="2.5">Projektwebseite in eine brauchbare Form bringen</done>
	<done who="JL" A="3" S="3" Zeit="1">Git lernen, Git Struktur des Projekts verstehen, MD Editor installieren</done>
	<done who="BH" A="3" S="3" Zeit="2">Vorbereitung Risikoanalyse</done>
	<done who="TP" A="4" S="3" Zeit="2">Website und Servereinrichtung</done>
	<done who="MG" A="3" S="3" Zeit="1">Vorbereitung Treffen 30.10</done>
	<done who="EP" A="3" S="3" Zeit="2">Vorbereitung Risikoanalyse</done>
	<done who="EP" A="3" S="3" Zeit="0.25">MS Teams</done>
	<done who="SL" A="3" S="3" Zeit="1">Handreichung und Material zum SWTP durchgelesen</done>
	<done who="SL" A="3" S="3" Zeit="3.5">Installation/Einrichtung/Registrierung atom, Microsoft Teams, overleaf, GitLab; Erste Schritte mit den Programmen</done>
	<done who="SL" A="3" S="3" Zeit="1">Stärken/Schwächen bearbeitet, GitBash Grundlagen erarbeitet und Änderung auf GitLab gepusht</done>
	<done who="SL" A="3" S="2" Zeit="0.5">Vorbereitung Protokoll zum 30.10.</done>
	<done who="AK" A="4" S="3" Zeit="2">Skript für Arbeitsaufwand-Convertierung schreiben</done>
	<done who="TP" A="3" S="3" Zeit="0.5">Bilder vom Treffen bearbeiten und hochladen, Issues für RA anlegen</done>
	<done who="TP" A="3" S="3" Zeit="0.75">Linksammlung erstellen und auf die Projektwebsite stellen</done>
	<done who="SL" A="3" S="3" Zeit="2">Nachbearbeitung Protokoll 30.10., Recherche Markdown, Kommunikation MS-Teams</done>
	<done who="alle" A="3" S="3" Zeit="4">Gruppentreffen 30.10.</done>
	<done who="BH, TP" A="3" S="3" Zeit="1.5">Planung der Recherchebereiche</done>
	<done who="BH" A="3" S="3" Zeit="3">Risikoanalyse</done>
	<done who="AN" A="3" S="3" Zeit="1.75">Risiko:Ausfall eines Teammitglieds, Präventivmaßnahmen:Codereviews, Pairprogramming für Risikoanalyse</done>
	<done who="AK" A="3" S="3" Zeit="1">Risikoanalyse</done>
	<done who="SL" A="3" S="3" Zeit="2">Risikoanalyse issues #13 Mediator und #17 Magelndes Verstä.., Umgang mit LaTex</done>
	<done who="SL" A="3" S="3" Zeit="2">Einleitung zur Risikoanalyse, Materialsichtung, Überarbeitung/Korrekturen von Textpassagen in Latex</done>
	<done who="TP" A="3" S="3" Zeit="2">Risikoanalyse</done>
	<done who="EP" A="4" S="3" Zeit="5">Risikoanalyse (umschreiben, kürzen, stilist. überarbeiten, inhaltl. Fragen sammeln, Recherche)</done>
	<done who="EP" A="3" S="3" Zeit="0.75">Teams-Diskussionen</done>
	<done who="EP" A="3" S="3" Zeit="0.25">Risikoanalyse Issue Pufferzeiten</done>
	<done who="MG" A="3" S="3" Zeit="1.5">Risikoanalyse</done>
	<done who="SL, BH, TP" A="3" S="3" Zeit="1">RA und Vorbereitung Recherchebericht</done>
	<done who="BH, TP" A="3" S="3" Zeit="1">PL</done>
	<done who="EP" A="3" S="3" Zeit="1">Risikoanalyse finales Korrekturlesen und Text Straffen</done>
	<done who="BH" A="3" S="3" Zeit="2">Recherchebericht</done>
	<done who="SL" A="3" S="3" Zeit="2">Vorbereitungen Moderation 4.11., Recherche</done>
	<done who="TP" A="3" S="3" Zeit="1">Abschluss A1</done>
</Analyse>