<?xml version="1.0" encoding="utf-8"?>
<Analyse von="2019-12-17" bis="2020-01-06" gruppe="nw19a" createdBy="AK" createdAt="2020-01-06">
<!-- A is for Aufwand, S is for Schwierigkeit, values from 1..5 with 1 too easy to 5 too hard -->
	<done who="BH, TP, EP, MG, AN, AK, SL" A="3" S="3" Zeit="4">Teammeeting</done>
	<done who="SL" A="4" S="3" Zeit="2">Protokoll nachbearbeitet, technische Probleme mit git</done>
	<done who="SL,TP" A="4" S="3" Zeit="1">technische Probleme git behoben</done>
	<done who="EP" A="3" S="3" Zeit="1.75">Agenda 19.12.</done>
	<done who="EP" A="4" S="3" Zeit="8">KDoc FlowerCanvasView.kt, Recherche</done>
	<done who="EP" A="4" S="3" Zeit="0.5">git-Problem</done>
	<done who="TP" A="3" S="3" Zeit="2">Gitsachen, Recherche Testing</done>
	<done who="EP" A="3" S="3" Zeit="2">Entwurfsbeschreibung, Recherche Animation</done>
	<done who="BH, SL, AK, AN, TP" A="3" S="3" Zeit="4.5">Meeting Testing</done>
	<done who="TP" A="3" S="3" Zeit="8">Testing Recherche und Übung</done>
	<done who="TP" A="3" S="3" Zeit="4">Systemtests entwerfen</done>
	<done who="TP" A="3" S="3" Zeit="1.5">Homepage überarbeiten</done>
	<done who="AK, TP" A="3" S="3" Zeit="3.5">Testing</done>
	<done who="TP" A="4" S="3" Zeit="6">Recherche und Umsetzung Firebase</done>
	<done who="SL" A="3" S="4" Zeit="3.75">Recherche/Einarbeitung  Navigation Drawer, Organisieren von Dateien in Kotlin</done>
	<done who="SL" A="3" S="3" Zeit="2.5">Gruppentreffen Modelierung Bibliothek und ND</done>
	<done who="SL" A="3" S="3" Zeit="1">Materialsichtung Entwurfsbeschreibung</done>
	<done who="SL" A="3" S="3" Zeit="1.5">Entwurfsbeschreibung</done>
	<done who="TP" A="3" S="3" Zeit="4">Testbericht und Vorbereitung Präsentation</done>
	<done who="AK, BH" A="3" S="3" Zeit="4">Gruppentreffen Modelierung Bibliothek und ND</done>
	<done who="AK, TP, BH" A="3" S="3" Zeit="5">finales Review Release 1</done>
	<done who="BH" A="3" S="3" Zeit="3">Entwurfsbeschreibung</done>
	<done who="BH" A="3" S="3" Zeit="8">FlowerCalcTests</done>
	<done who="TP" A="3" S="3" Zeit="3">Gitsachen, Testbericht, Endgerätetests</done>
	<done who="SL" A="3" S="3" Zeit="5.5">Formatierung/Überarbeitung Entwurfsbeschreibung</done>
	<done who="AN" A="3" S="3" Zeit="2">Entwurfsbeschreibung</done>
	<done who="AN" A="3" S="3" Zeit="1.5">Vorläufige Recherche Touchpadeingabe</done>
	<done who="MG" A="3" S="3" Zeit="2">Code kommentieren</done>
	<done who="MG" A="3" S="3" Zeit="3.5">Treffen Entwurfsbeschreibung</done>
	<done who="MG" A="3" S="3" Zeit="2">Entwurfsbeschreibung</done>
	<done who="MG" A="3" S="3" Zeit="5">Bugfixing</done>
	<done who="MG" A="3" S="3" Zeit="0.5">CanvasView Refactor</done>
	<done who="MG" A="3" S="3" Zeit="2.25">Recherche und Testprogramm Touchpadeingabe</done>
	<done who="SL" A="3" S="3" Zeit="0.5">Entwurfsbeschreibung</done>
	<done who="AK" A="3" S="3" Zeit="3">Versuch für FlowerCanvas Tests zu schreiben</done>
	<done who="AK" A="3" S="3" Zeit="2">Recherchiere GUI-Klassen für LibraryActivity</done>
	<done who="TP" A="3" S="3" Zeit="3">Releaseabschluss, Präsentation</done>
<!-- AK worked 26.0 hours -->
<!-- AN worked 12.0 hours -->
<!-- BH worked 28.5 hours -->
<!-- EP worked 16.25 hours -->
<!-- MG worked 19.25 hours -->
<!-- SL worked 26.25 hours -->
<!-- TP worked 49.5 hours -->
<!-- Sum: 177.75 -->
</Analyse>