<?xml version="1.0" encoding="utf-8"?>
<Analyse von="2020-01-07" bis="2020-01-27" gruppe="nw19a" createdBy="AK" createdAt="2020-01-27">
<!-- A is for Aufwand, S is for Schwierigkeit, values from 1..5 with 1 too easy to 5 too hard -->
	<done who="AN,MG" A="3" S="3" Zeit="2">Modellierung Touchpadeingabe</done>
	<done who="AN,MG,SL,BH" A="3" S="3" Zeit="1">Treffen Modellierung</done>
	<done who="alle" A="3" S="3" Zeit="4.25">Teammeeting und Review Vorprojekt</done>
	<done who="AN" A="3" S="3" Zeit="3">Nachbearbeitung Protokoll</done>
	<done who="AK" A="3" S="3" Zeit="3">Arbeite an LibraryActivity</done>
	<done who="SL" A="3" S="3" Zeit="2">NavigationDrawer</done>
	<done who="SL,TP" A="3" S="3" Zeit="4">NavigationDrawer</done>
	<done who="SL" A="3" S="2" Zeit="1">Nacharbeiten zum Teammeeting</done>
	<done who="TP" A="3" S="3" Zeit="2">Recherche ND</done>
	<done who="TP" A="3" S="3" Zeit="3">Zwischenabgabe</done>
	<done who="BH, TP" A="3" S="3" Zeit="1.5">PL</done>
	<done who="JL" A="3" S="3" Zeit="9">XML Files</done>
	<done who="MG, TP" A="3" S="3" Zeit="5">Refactoring</done>
	<done who="TP" A="3" S="3" Zeit="2">Nacharbeiten</done>
	<done who="AK" A="3" S="3" Zeit="5">Arbeit an Library</done>
	<done who="AK" A="3" S="3" Zeit="1.5">Arbeit an Library</done>
	<done who="AK, BH, EP" A="3" S="3" Zeit="5">Arbeit an Library</done>
	<done who="AK, BH, EP" A="3" S="3" Zeit="5">Arbeit an Library</done>
	<done who="EP" A="3" S="3" Zeit="1">UML Library</done>
	<done who="AK, AN, BH, JL, MG, SL, TP" A="3" S="3" Zeit="3.5">Teammeeting und Review Vorprojekt</done>
	<done who="BH, TP" A="3" S="3" Zeit="2">PL</done>
	<done who="TP" A="3" S="3" Zeit="2.5">Einbau alte Tests, Recherche Testing</done>
	<done who="AK" A="3" S="3" Zeit="2">Bereinigen der Library Sachen</done>
	<done who="alle" A="3" S="3" Zeit="5">Teammeeting und Merge</done>
	<done who="MG, JL" A="3" S="3" Zeit="1">Treffen Layouts</done>
	<done who="MG" A="3" S="3" Zeit="10.75">Dialogs- und Generalization-Recherche und Implementierung</done>
	<done who="MG" A="3" S="3" Zeit="4">Touchpadeingabe</done>
	<done who="MG" A="3" S="3" Zeit="3">Recherche Fragments</done>
	<done who="MG" A="3" S="3" Zeit="2.25">Code refactor</done>
	<done who="MG" A="3" S="3" Zeit="1.5">Code kommentieren</done>
	<done who="MG" A="3" S="3" Zeit="2">Entwurfsbeschreibung</done>
	<done who="AK" A="3" S="3" Zeit="3">Verwende neue Dialoge und implementiere laden von Touch-Pad-Kurven</done>
	<done who="TP" A="3" S="3" Zeit="3">Testing, Testbericht</done>
	<done who="BH" A="3" S="3" Zeit="1">Releaseplan</done>
	<done who="BH" A="3" S="3" Zeit="1">Entwurfsbeschreibung</done>
	<done who="BH" A="3" S="3" Zeit="4">Implementierung Library-Bereich</done>
	<done who="TP" A="3" S="3" Zeit="1">Entwurfsbeschreibung</done>
	<done who="TP" A="3" S="3" Zeit="1.5">Code überprüfen und formatieren</done>
	<done who="AN, TP" A="3" S="3" Zeit="3">Systemtests</done>
	<done who="TP" A="3" S="3" Zeit="3">Mastermerge, Firebase Reaktivierung, Testbericht</done>
	<done who="AN" A="3" S="3" Zeit="9">Touchpadeingabe</done>
	<done who="AN" A="3" S="3" Zeit="3">Entwurfsbeschreibung</done>
	<done who="TP" A="3" S="3" Zeit="1">Vorbereitung Übergabe Firebase an Betreuer/Tutor</done>
	<done who="TP" A="3" S="3" Zeit="4">Abschluss Release, Dokumente, Homepage etc.</done>
	<done who="JL" A="3" S="3" Zeit="8">Entwurfsbeschreibung</done>
<!-- AK worked 37.25 hours -->
<!-- AN worked 33.75 hours -->
<!-- BH worked 33.25 hours -->
<!-- EP worked 20.25 hours -->
<!-- JL worked 30.75 hours -->
<!-- MG worked 45.25 hours -->
<!-- SL worked 20.75 hours -->
<!-- TP worked 51.25 hours -->
<!-- Sum: 207.75 -->
</Analyse>