[
  {
    "eventType": "VIEW_TEXT_CHANGED",
    "timestamp": 1578060653318,
    "replacementText": "",
    "actionCode": -1,
    "delayTime": 0,
    "canScrollTo": false,
    "elementDescriptors": [
      {
        "className": "androidx.appcompat.widget.AppCompatEditText",
        "recyclerViewChildPosition": -1,
        "adapterViewChildPosition": -1,
        "groupViewChildPosition": 0,
        "resourceId": "com.example.oktopoi:id/TextInputRadius",
        "contentDescription": "",
        "text": "0.5"
      },
      {
        "className": "android.widget.FrameLayout",
        "recyclerViewChildPosition": -1,
        "adapterViewChildPosition": -1,
        "groupViewChildPosition": 0,
        "resourceId": "",
        "contentDescription": "",
        "text": ""
      },
      {
        "className": "com.google.android.material.textfield.TextInputLayout",
        "recyclerViewChildPosition": -1,
        "adapterViewChildPosition": -1,
        "groupViewChildPosition": 0,
        "resourceId": "com.example.oktopoi:id/TextInputRadiusLayout",
        "contentDescription": "",
        "text": ""
      }
    ]
  },
  {
    "eventType": "VIEW_TEXT_CHANGED",
    "timestamp": 1578060671729,
    "replacementText": "1.5",
    "actionCode": -1,
    "delayTime": 0,
    "canScrollTo": false,
    "elementDescriptors": [
      {
        "className": "androidx.appcompat.widget.AppCompatEditText",
        "recyclerViewChildPosition": -1,
        "adapterViewChildPosition": -1,
        "groupViewChildPosition": 0,
        "resourceId": "com.example.oktopoi:id/TextInputRadius",
        "contentDescription": "",
        "text": "0.5"
      },
      {
        "className": "android.widget.FrameLayout",
        "recyclerViewChildPosition": -1,
        "adapterViewChildPosition": -1,
        "groupViewChildPosition": 0,
        "resourceId": "",
        "contentDescription": "",
        "text": ""
      },
      {
        "className": "com.google.android.material.textfield.TextInputLayout",
        "recyclerViewChildPosition": -1,
        "adapterViewChildPosition": -1,
        "groupViewChildPosition": 0,
        "resourceId": "com.example.oktopoi:id/TextInputRadiusLayout",
        "contentDescription": "",
        "text": ""
      }
    ]
  },
  {
    "eventType": "VIEW_TEXT_CHANGED",
    "timestamp": 1578060697080,
    "replacementText": "8",
    "actionCode": -1,
    "delayTime": 0,
    "canScrollTo": false,
    "elementDescriptors": [
      {
        "className": "androidx.appcompat.widget.AppCompatEditText",
        "recyclerViewChildPosition": -1,
        "adapterViewChildPosition": -1,
        "groupViewChildPosition": 0,
        "resourceId": "com.example.oktopoi:id/TextInputFreq1",
        "contentDescription": "",
        "text": "2"
      },
      {
        "className": "android.widget.FrameLayout",
        "recyclerViewChildPosition": -1,
        "adapterViewChildPosition": -1,
        "groupViewChildPosition": 0,
        "resourceId": "",
        "contentDescription": "",
        "text": ""
      },
      {
        "className": "com.google.android.material.textfield.TextInputLayout",
        "recyclerViewChildPosition": -1,
        "adapterViewChildPosition": -1,
        "groupViewChildPosition": 2,
        "resourceId": "com.example.oktopoi:id/TextInputFreq1Layout",
        "contentDescription": "",
        "text": ""
      }
    ]
  },
  {
    "eventType": "VIEW_TEXT_CHANGED",
    "timestamp": 1578060705996,
    "replacementText": "6",
    "actionCode": -1,
    "delayTime": 0,
    "canScrollTo": false,
    "elementDescriptors": [
      {
        "className": "androidx.appcompat.widget.AppCompatEditText",
        "recyclerViewChildPosition": -1,
        "adapterViewChildPosition": -1,
        "groupViewChildPosition": 0,
        "resourceId": "com.example.oktopoi:id/TextInputFreq2",
        "contentDescription": "",
        "text": "14"
      },
      {
        "className": "android.widget.FrameLayout",
        "recyclerViewChildPosition": -1,
        "adapterViewChildPosition": -1,
        "groupViewChildPosition": 0,
        "resourceId": "",
        "contentDescription": "",
        "text": ""
      },
      {
        "className": "com.google.android.material.textfield.TextInputLayout",
        "recyclerViewChildPosition": -1,
        "adapterViewChildPosition": -1,
        "groupViewChildPosition": 4,
        "resourceId": "com.example.oktopoi:id/TextInputFreq2Layout",
        "contentDescription": "",
        "text": ""
      }
    ]
  },
  {
    "eventType": "VIEW_TEXT_CHANGED",
    "timestamp": 1578060716164,
    "replacementText": "0.2",
    "actionCode": -1,
    "delayTime": 0,
    "canScrollTo": false,
    "elementDescriptors": [
      {
        "className": "androidx.appcompat.widget.AppCompatEditText",
        "recyclerViewChildPosition": -1,
        "adapterViewChildPosition": -1,
        "groupViewChildPosition": 0,
        "resourceId": "com.example.oktopoi:id/TextInputOffset",
        "contentDescription": "",
        "text": "0.0"
      },
      {
        "className": "android.widget.FrameLayout",
        "recyclerViewChildPosition": -1,
        "adapterViewChildPosition": -1,
        "groupViewChildPosition": 0,
        "resourceId": "",
        "contentDescription": "",
        "text": ""
      },
      {
        "className": "com.google.android.material.textfield.TextInputLayout",
        "recyclerViewChildPosition": -1,
        "adapterViewChildPosition": -1,
        "groupViewChildPosition": 6,
        "resourceId": "com.example.oktopoi:id/TextInputOffsetLayout",
        "contentDescription": "",
        "text": ""
      }
    ]
  },
  {
    "eventType": "PRESSED_EDITOR_ACTION",
    "timestamp": 1578060727838,
    "replacementText": "0.2",
    "actionCode": 6,
    "delayTime": 0,
    "canScrollTo": false,
    "elementDescriptors": [
      {
        "className": "androidx.appcompat.widget.AppCompatEditText",
        "recyclerViewChildPosition": -1,
        "adapterViewChildPosition": -1,
        "groupViewChildPosition": 0,
        "resourceId": "com.example.oktopoi:id/TextInputOffset",
        "contentDescription": "",
        "text": "0.2"
      },
      {
        "className": "android.widget.FrameLayout",
        "recyclerViewChildPosition": -1,
        "adapterViewChildPosition": -1,
        "groupViewChildPosition": 0,
        "resourceId": "",
        "contentDescription": "",
        "text": ""
      },
      {
        "className": "com.google.android.material.textfield.TextInputLayout",
        "recyclerViewChildPosition": -1,
        "adapterViewChildPosition": -1,
        "groupViewChildPosition": 6,
        "resourceId": "com.example.oktopoi:id/TextInputOffsetLayout",
        "contentDescription": "",
        "text": ""
      }
    ]
  },
  {
    "eventType": "VIEW_CLICKED",
    "timestamp": 1578060732830,
    "replacementText": "",
    "actionCode": -1,
    "delayTime": 0,
    "canScrollTo": false,
    "elementDescriptors": [
      {
        "className": "android.widget.Switch",
        "recyclerViewChildPosition": -1,
        "adapterViewChildPosition": -1,
        "groupViewChildPosition": 1,
        "resourceId": "com.example.oktopoi:id/SwitchShowHand",
        "contentDescription": "",
        "text": ""
      },
      {
        "className": "android.widget.LinearLayout",
        "recyclerViewChildPosition": -1,
        "adapterViewChildPosition": -1,
        "groupViewChildPosition": 1,
        "resourceId": "com.example.oktopoi:id/HandSwitchContainer",
        "contentDescription": "",
        "text": ""
      },
      {
        "className": "androidx.constraintlayout.widget.ConstraintLayout",
        "recyclerViewChildPosition": -1,
        "adapterViewChildPosition": -1,
        "groupViewChildPosition": 0,
        "resourceId": "com.example.oktopoi:id/FlowerLayoutParent",
        "contentDescription": "",
        "text": ""
      }
    ]
  }
]